Model,Accuracy
Model 1,0.7656523259881077
Model 2,1.0
Model 3,0.7646030080447709
Model 4,0.7688002798181183
Model 5,0.7667016439314446
